--
-- Script was generated by Devart dbForge Studio for MySQL, Version 6.3.358.0
-- Product home page: http://www.devart.com/dbforge/mysql/studio
-- Script date 02/11/2015 18:48:51
-- Server version: 5.6.26-log
-- Client version: 4.1
--


-- 
-- Set SQL mode
-- 
/*!40101 SET @OLD_SQL_MODE=@@SQL_MODE, SQL_MODE='NO_AUTO_VALUE_ON_ZERO' */;

-- 
-- Set character set the client will use to send SQL statements to the server
--
SET NAMES 'utf8';

-- 
-- Set default database
--
USE rpgbd;

--
-- Definition for table jogador
--
DROP TABLE IF EXISTS jogador;
CREATE TABLE jogador (
  jog_login VARCHAR(255) NOT NULL,
  jog_senha VARCHAR(255) NOT NULL,
  PRIMARY KEY (jog_login),
  UNIQUE INDEX UK_jogador_jog_login (jog_login)
)
ENGINE = INNODB
AVG_ROW_LENGTH = 4096
CHARACTER SET utf8
COLLATE utf8_general_ci;

--
-- Definition for table status
--
DROP TABLE IF EXISTS status;
CREATE TABLE status (
  sta_id INT(11) NOT NULL AUTO_INCREMENT,
  sta_forca INT(100) NOT NULL DEFAULT 0,
  sta_defesa INT(100) NOT NULL DEFAULT 0,
  sta_vitalidade INT(100) NOT NULL DEFAULT 0,
  sta_inteligencia INT(100) NOT NULL DEFAULT 0,
  sta_magia INT(100) NOT NULL DEFAULT 0,
  sta_ataque INT(100) NOT NULL DEFAULT 0,
  sta_mp INT(100) NOT NULL DEFAULT 0,
  sta_mp_atual INT(100) NOT NULL DEFAULT 0,
  sta_hp INT(100) NOT NULL DEFAULT 0,
  sta_hp_atual INT(100) NOT NULL DEFAULT 0,
  PRIMARY KEY (sta_id)
)
ENGINE = INNODB
AUTO_INCREMENT = 21
AVG_ROW_LENGTH = 3276
CHARACTER SET utf8
COLLATE utf8_general_ci;

--
-- Definition for table itens
--
DROP TABLE IF EXISTS itens;
CREATE TABLE itens (
  ite_id INT(11) NOT NULL AUTO_INCREMENT,
  ide_tipo VARCHAR(255) DEFAULT '0',
  ite_nome VARCHAR(255) NOT NULL DEFAULT '0',
  itens_status INT(11) NOT NULL,
  PRIMARY KEY (ite_id),
  INDEX FK_itens_armaduras_ID_armadura (ite_nome),
  INDEX FK_itens_armas_ID_armas (ide_tipo),
  CONSTRAINT FK_itens_status_sta_id FOREIGN KEY (itens_status)
    REFERENCES status(sta_id) ON DELETE RESTRICT ON UPDATE RESTRICT
)
ENGINE = INNODB
AUTO_INCREMENT = 1
CHARACTER SET utf8
COLLATE utf8_general_ci;

--
-- Definition for table mobs
--
DROP TABLE IF EXISTS mobs;
CREATE TABLE mobs (
  mob_id INT(11) NOT NULL AUTO_INCREMENT,
  mob_nome VARCHAR(50) NOT NULL,
  mob_status INT(11) DEFAULT NULL,
  PRIMARY KEY (mob_id),
  CONSTRAINT FK_mobs_status_sta_id FOREIGN KEY (mob_status)
    REFERENCES status(sta_id) ON DELETE RESTRICT ON UPDATE RESTRICT
)
ENGINE = INNODB
AUTO_INCREMENT = 1
CHARACTER SET utf8
COLLATE utf8_general_ci;

--
-- Definition for table personagem
--
DROP TABLE IF EXISTS personagem;
CREATE TABLE personagem (
  per_nome VARCHAR(255) NOT NULL,
  per_lvl INT(100) NOT NULL DEFAULT 0,
  per_status INT(11) NOT NULL,
  per_jogador VARCHAR(255) NOT NULL,
  PRIMARY KEY (per_nome),
  CONSTRAINT FK_per_status_sta_id FOREIGN KEY (per_status)
    REFERENCES status(sta_id) ON DELETE CASCADE ON UPDATE RESTRICT,
  CONSTRAINT FK_personagem_jogador_jog_login FOREIGN KEY (per_jogador)
    REFERENCES jogador(jog_login) ON DELETE RESTRICT ON UPDATE RESTRICT
)
ENGINE = INNODB
AVG_ROW_LENGTH = 3276
CHARACTER SET utf8
COLLATE utf8_general_ci;

--
-- Definition for table meu_item
--
DROP TABLE IF EXISTS meu_item;
CREATE TABLE meu_item (
  meu_id INT(11) NOT NULL,
  meu_item INT(11) DEFAULT NULL,
  meu_quantidade INT(200) DEFAULT 0,
  meu_personagem INT(11) DEFAULT NULL,
  PRIMARY KEY (meu_id),
  UNIQUE INDEX UK_meu_item_meu_personagem (meu_personagem),
  CONSTRAINT FK_meu_iten_itens_itens_id FOREIGN KEY (meu_item)
    REFERENCES itens(ite_id) ON DELETE RESTRICT ON UPDATE RESTRICT
)
ENGINE = INNODB
CHARACTER SET utf8
COLLATE utf8_general_ci;

-- 
-- Dumping data for table jogador
--
INSERT INTO jogador(jog_login, jog_senha) VALUES
('cloves', '1234'),
('fulano', '4321'),
('jack', 'jack123'),
('sicrano', '32145');

-- 
-- Dumping data for table status
--
INSERT INTO status(sta_id, sta_forca, sta_defesa, sta_vitalidade, sta_inteligencia, sta_magia, sta_ataque, sta_mp, sta_mp_atual, sta_hp, sta_hp_atual) VALUES
(1, 2, 3, 3, 2, 1, 10, 10, 10, 30, 30),
(2, 5, 4, 2, 1, 1, 15, 10, 10, 40, 40),
(3, 3, 2, 5, 3, 2, 13, 15, 15, 20, 20),
(17, 2, 2, 2, 2, 2, 2, 2, 2, 2, 2),
(20, 1, 7, 3, 6, 12, 2, 60, 60, 30, 30);

-- 
-- Dumping data for table itens
--

-- Table rpgbd.itens does not contain any data (it is empty)

-- 
-- Dumping data for table mobs
--

-- Table rpgbd.mobs does not contain any data (it is empty)

-- 
-- Dumping data for table personagem
--
INSERT INTO personagem(per_nome, per_lvl, per_status, per_jogador) VALUES
('bacalo', 0, 17, 'jack'),
('kenaw', 20, 1, 'cloves'),
('kuroesu', 30, 2, 'cloves'),
('mag', 0, 20, 'cloves'),
('sincro', 14, 3, 'sicrano');

-- 
-- Dumping data for table meu_item
--

-- Table rpgbd.meu_item does not contain any data (it is empty)

-- 
-- Restore previous SQL mode
-- 
/*!40101 SET SQL_MODE=@OLD_SQL_MODE */;